{"fp_bpp": 24.5943603515625, "hp_bpp": 12.29718017578125, "fp_psnr": 40.09325936436653, "hp_psnr": 34.80243593454361}