{"fp_bpp": [24.5943603515625, 24.5943603515625, 24.5943603515625, 24.5943603515625, 24.5943603515625, 24.5943603515625, 24.5943603515625, 24.5943603515625, 24.5943603515625, 24.5943603515625, 24.5943603515625, 24.5943603515625, 24.5943603515625, 24.5943603515625, 24.5943603515625, 24.5943603515625], "hp_bpp": [12.29718017578125, 12.29718017578125, 12.29718017578125, 12.29718017578125, 12.29718017578125, 12.29718017578125, 12.29718017578125, 12.29718017578125, 12.29718017578125, 12.29718017578125, 12.29718017578125, 12.29718017578125, 12.29718017578125, 12.29718017578125, 12.29718017578125, 12.29718017578125], "fp_psnr": [35.862343311309814, 42.1696138381958, 38.488261699676514, 41.87140941619873, 39.076170921325684, 36.969194412231445, 39.8071813583374, 39.344613552093506, 35.88721036911011, 37.363150119781494, 43.82227897644043, 47.623491287231445, 42.34202861785889, 39.37225580215454, 42.205443382263184, 39.28750276565552], "hp_psnr": [30.342087745666504, 36.451756954193115, 32.989158630371094, 38.2295823097229, 32.314159870147705, 31.452054977416992, 33.95021915435791, 34.99513864517212, 29.68400478363037, 31.389577388763428, 39.68321084976196, 44.64834690093994, 36.12297534942627, 34.07341957092285, 37.0654821395874, 33.44779968261719]}