{"fp_bpp": [24.2816162109375, 24.2816162109375, 24.2816162109375, 24.2816162109375, 24.2816162109375, 24.2816162109375, 24.2816162109375, 24.2816162109375, 24.2816162109375, 24.2816162109375, 24.2816162109375, 24.2816162109375, 24.2816162109375, 24.2816162109375, 24.2816162109375, 24.2816162109375], "hp_bpp": [12.14080810546875, 12.14080810546875, 12.14080810546875, 12.14080810546875, 12.14080810546875, 12.14080810546875, 12.14080810546875, 12.14080810546875, 12.14080810546875, 12.14080810546875, 12.14080810546875, 12.14080810546875, 12.14080810546875, 12.14080810546875, 12.14080810546875, 12.14080810546875], "fp_psnr": [34.8652982711792, 41.11748218536377, 37.591450214385986, 40.1618766784668, 38.032217025756836, 35.87832450866699, 38.78874063491821, 37.267212867736816, 35.0411319732666, 35.88395118713379, 40.654964447021484, 47.08178520202637, 41.24472141265869, 36.612422466278076, 40.75106143951416, 38.50809097290039], "hp_psnr": [30.634512901306152, 36.717069149017334, 33.53590965270996, 38.05946588516235, 32.625465393066406, 31.632678508758545, 34.53187942504883, 33.92452955245972, 30.475187301635742, 31.55390501022339, 39.17537450790405, 44.49282646179199, 36.52378559112549, 32.48377323150635, 37.277376651763916, 34.235525131225586]}