{"fp_bpp": 24.2816162109375, "hp_bpp": 12.14080810546875, "fp_psnr": 38.717545717954636, "hp_psnr": 34.86745402216911}